"name","plataform","metascore","metascore_reviews","userscore","userscore_reviews","release","genre","genero_principal","metascore_norm","metascore_cat","userscore_cat","diff_m_u","diff_m_u_abs","exclusivo"
"Forza Horizon 4","Xbox One",92,88,8.1,1348,2018-09-28,"Racing/Simulation/Automobile","Racing",9.2,"ALTO","ALTO",1.1,1.1,1
"Forza Horizon 3","Xbox One",91,91,8,1139,2016-09-23,"Racing/Simulation/Automobile","Racing",9.1,"ALTO","ALTO",1.1,1.1,1
"NieR: Automata - Become as Gods Edition","Xbox One",90,30,9,514,2018-06-26,"Role-Playing/Action RPG","Role-Playing",9,"ALTO","ALTO",0,0,1
"Ori and the Blind Forest: Definitive Edition","Xbox One",88,24,8.1,382,2016-03-11,"Action/Platformer/2D","Action",8.8,"ALTO","ALTO",0.700000000000001,0.700000000000001,1
"Minecraft: Xbox One Edition","Xbox One",88,14,7.1,352,2014-11-18,"Action Adventure/Adventure/3D/Sandbox/First-Person/Fantasy/Fantasy","Action Adventure",8.8,"ALTO","MEDIO",1.7,1.7,1
"Ori and the Blind Forest","Xbox One",88,73,8.6,990,2015-03-11,"Action/Platformer/2D","Action",8.8,"ALTO","ALTO",0.200000000000001,0.200000000000001,1
"Forza Motorsport 6","Xbox One",87,85,7.7,887,2015-09-15,"Driving/GT / Street/Racing/Simulation/Automobile","Driving",8.7,"ALTO","ALTO",0.999999999999999,0.999999999999999,1
"Forza Horizon 3: Blizzard Mountain","Xbox One",87,16,7.6,99,2016-12-13,"Racing/Simulation/Automobile","Racing",8.7,"ALTO","ALTO",1.1,1.1,1
"Forza Horizon 3: Hot Wheels","Xbox One",87,13,7.7,103,2017-05-09,"Racing/Simulation/Automobile","Racing",8.7,"ALTO","ALTO",0.999999999999999,0.999999999999999,1
"Cuphead","Xbox One",86,72,8.4,852,2017-09-29,"Action/Platformer/2D","Action",8.6,"ALTO","ALTO",0.199999999999999,0.199999999999999,1
"Killer Instinct Season 3","Xbox One",86,14,6.6,147,2016-03-29,"Action/Fighting/2D","Action",8.6,"ALTO","MEDIO",2,2,1
"Titanfall","Xbox One",86,68,6.7,2509,2014-03-11,"Shooter/Sci-Fi/Miscellaneous/General/Action/Shooter/First-Person/Sci-Fi/Arcade","Shooter",8.6,"ALTO","MEDIO",1.9,1.9,1
"Rise of the Tomb Raider","Xbox One",86,102,8,1476,2015-11-10,"Fantasy/Action Adventure/General/Linear","Fantasy",8.6,"ALTO","ALTO",0.6,0.6,1
"Forza Horizon 2","Xbox One",86,85,8.3,1111,2014-09-30,"Driving/Racing/Simulation/GT / Street/Automobile","Driving",8.6,"ALTO","ALTO",0.299999999999999,0.299999999999999,1
"Forza Motorsport 7","Xbox One",86,79,6.2,896,2017-09-29,"Racing/Simulation/Automobile","Racing",8.6,"ALTO","MEDIO",2.4,2.4,1
"Halo: The Master Chief Collection","Xbox One",85,69,7.6,1607,2014-11-11,"Miscellaneous/Compilation/Action/Shooter/First-Person/Sci-Fi/Arcade","Miscellaneous",8.5,"ALTO","ALTO",0.9,0.9,1
"Enter The Gungeon","Xbox One",85,11,7.3,23,2017-04-05,"Action/General/Shooter/Shoot-'Em-Up/Top-Down","Action",8.5,"ALTO","MEDIO",1.2,1.2,1
"Rare Replay","Xbox One",84,75,7.9,365,2015-08-04,"Miscellaneous/Compilation","Miscellaneous",8.4,"ALTO","ALTO",0.5,0.5,1
"Gears 5","Xbox One",84,89,8.2,2891,2019-09-06,"Action/Shooter/Third-Person/Arcade","Action",8.4,"ALTO","ALTO",0.200000000000001,0.200000000000001,1
"Gears of War 4","Xbox One",84,99,6.9,1478,2016-10-11,"Sci-Fi/Action/Shooter/Third-Person/Arcade","Sci-Fi",8.4,"ALTO","MEDIO",1.5,1.5,1
"Halo 5: Guardians","Xbox One",84,101,6.4,3287,2015-10-27,"Shooter/Sci-Fi/Sci-Fi/Action/Shooter/First-Person/Arcade","Shooter",8.4,"ALTO","MEDIO",2,2,1
"FRU","Xbox One",84,24,6.8,37,2016-07-13,"Miscellaneous/Puzzle/Action","Miscellaneous",8.4,"ALTO","MEDIO",1.6,1.6,1
"Castle Crashers Remastered","Xbox One",83,16,7.8,49,2015-09-09,"Action/Beat-'Em-Up/2D","Action",8.3,"ALTO","ALTO",0.500000000000001,0.500000000000001,1
"Path of Exile: The Fall of Oriath","Xbox One",83,8,7.5,34,2017-08-24,"Role-Playing/Action RPG","Role-Playing",8.3,"ALTO","ALTO",0.800000000000001,0.800000000000001,1
"OlliOlli2: XL Edition","Xbox One",83,12,6.4,7,2016-05-24,"Sports/Individual/Skate / Skateboard","Sports",8.3,"ALTO","MEDIO",1.9,1.9,1
"Warhammer: Vermintide 2","Xbox One",83,15,5.6,14,2018-07-11,"Action/Shooter/First-Person/Arcade","Action",8.3,"ALTO","MEDIO",2.7,2.7,1
"Gears of War: Ultimate Edition","Xbox One",82,74,7.7,716,2015-08-25,"Action/Shooter/Third-Person/Arcade","Action",8.2,"ALTO","ALTO",0.499999999999999,0.499999999999999,1
"Super Hydorah","Xbox One",82,7,6.9,8,2017-09-20,"Action/Shooter/Shoot-'Em-Up/Horizontal","Action",8.2,"ALTO","MEDIO",1.3,1.3,1
"Forza Horizon 2: Storm Island","Xbox One",82,19,7.5,94,2014-12-16,"Driving/GT / Street/Racing/Simulation/Automobile","Driving",8.2,"ALTO","ALTO",0.699999999999999,0.699999999999999,1
"Operencia: The Stolen Sun","Xbox One",82,15,7.1,31,2019-03-29,"Role-Playing/Action RPG","Role-Playing",8.2,"ALTO","MEDIO",1.1,1.1,1
"Rock Band Rivals","Xbox One",82,10,6.6,5,2016-10-18,"Action/Rhythm/Music","Action",8.2,"ALTO","MEDIO",1.6,1.6,1
"Kalimba","Xbox One",81,26,7.4,34,2014-12-17,"Action/General","Action",8.1,"ALTO","MEDIO",0.699999999999999,0.699999999999999,1
"Sunset Overdrive","Xbox One",81,89,7.8,1415,2014-10-28,"General/Action/General/Shooter/Third-Person/Arcade","General",8.1,"ALTO","ALTO",0.3,0.3,1
"Maldita Castilla EX: Cursed Castilla","Xbox One",81,12,7.8,33,2016-07-20,"Action/Platformer/2D","Action",8.1,"ALTO","ALTO",0.3,0.3,1
"Cities: Skylines - Xbox One Edition","Xbox One",81,30,6.3,70,2017-04-21,"Strategy/Management/Government","Strategy",8.1,"ALTO","MEDIO",1.8,1.8,1
"Aragami: Shadow Edition","Xbox One",81,8,5.5,8,2018-06-05,"Action Adventure/General","Action Adventure",8.1,"ALTO","MEDIO",2.6,2.6,1
"Halo Wars: Definitive Edition","Xbox One",81,9,7.7,103,2017-02-21,"Strategy/Real-Time/General","Strategy",8.1,"ALTO","ALTO",0.399999999999999,0.399999999999999,1
"Super Time Force","Xbox One",80,36,6.5,118,2014-05-14,"Action/Platformer/Shooter/2D/Scrolling/Shoot-'Em-Up/Vertical","Action",8,"ALTO","MEDIO",1.5,1.5,1
"Super Mega Baseball: Extra Innings","Xbox One",80,11,7.1,20,2015-08-14,"Sports/Team/Baseball/Arcade","Sports",8,"ALTO","MEDIO",0.9,0.9,1
"The Turing Test","Xbox One",80,16,7.3,74,2016-08-30,"Action/Shooter/First-Person/Arcade","Action",8,"ALTO","MEDIO",0.7,0.7,1
"World of Van Helsing: Deathtrap","Xbox One",80,7,6.9,16,2016-12-30,"Strategy/General","Strategy",8,"ALTO","MEDIO",1.1,1.1,1
"Forza Motorsport 5","Xbox One",79,76,6,1138,2013-11-22,"GT / Street/Driving/Racing/Simulation/GT / Street/Automobile","GT",7.9,"ALTO","MEDIO",1.9,1.9,1
"Steredenn","Xbox One",79,7,6.2,10,2016-04-01,"Action/Shooter/Shoot-'Em-Up/Horizontal","Action",7.9,"ALTO","MEDIO",1.7,1.7,1
"Flipping Death","Xbox One",79,7,6.3,4,2018-08-07,"Action/General","Action",7.9,"ALTO","MEDIO",1.6,1.6,1
"Pit People","Xbox One",79,12,7.5,28,2018-03-02,"Action/Strategy/Turn-Based/General/Tactics","Action",7.9,"ALTO","ALTO",0.4,0.4,1
"Halo Wars 2","Xbox One",79,79,6.2,548,2017-02-17,"Strategy/Real-Time/General","Strategy",7.9,"ALTO","MEDIO",1.7,1.7,1
"Dungeon of the Endless","Xbox One",78,13,7.4,21,2016-03-16,"Strategy/Real-Time/General","Strategy",7.8,"ALTO","MEDIO",0.399999999999999,0.399999999999999,1
"Candleman","Xbox One",78,13,7.1,33,2017-02-01,"Action/Platformer/3D","Action",7.8,"ALTO","MEDIO",0.7,0.7,1
"Ashen","Xbox One",78,35,7.1,176,2018-12-07,"Role-Playing/Action Adventure/Action RPG/Open-World","Role-Playing",7.8,"ALTO","MEDIO",0.7,0.7,1
"My Brother Rabbit","Xbox One",78,7,7.5,10,2018-09-21,"Puzzle/Hidden Object","Puzzle",7.8,"ALTO","ALTO",0.3,0.3,1
"Dead Rising 3","Xbox One",78,69,6.9,964,2013-11-22,"General/Action/Action Adventure/General/Open-World","General",7.8,"ALTO","MEDIO",0.899999999999999,0.899999999999999,1
"Creature in the Well","Xbox One",78,15,5.9,16,2019-09-06,"Action Adventure/General","Action Adventure",7.8,"ALTO","MEDIO",1.9,1.9,1
"Railway Empire","Xbox One",77,7,6.8,8,2018-01-30,"Simulation/Strategy/Management/Vehicle/Train/Business / Tycoon","Simulation",7.7,"ALTO","MEDIO",0.9,0.9,1
"The Inner World","Xbox One",77,15,2.4,5,2017-03-31,"Adventure/General/Point-and-Click","Adventure",7.7,"ALTO","BAIXO",5.3,5.3,1
"Letter Quest: Grimm's Journey Remastered","Xbox One",77,10,6,15,2016-04-08,"Puzzle/Logic","Puzzle",7.7,"ALTO","MEDIO",1.7,1.7,1
"Just Dance 2019","Xbox One",77,8,5.8,13,2018-10-23,"Action/Rhythm/Dancing","Action",7.7,"ALTO","MEDIO",1.9,1.9,1
"Sky Force Anniversary","Xbox One",77,11,5.8,6,2016-12-09,"Action/Shooter/Shoot-'Em-Up/Vertical","Action",7.7,"ALTO","MEDIO",1.9,1.9,1
"Quantum Break","Xbox One",77,106,7.2,2053,2016-04-05,"General/Action/General","General",7.7,"ALTO","MEDIO",0.5,0.5,1
"#IDARB","Xbox One",77,31,6.9,88,2015-01-30,"Action/General","Action",7.7,"ALTO","MEDIO",0.8,0.8,1
"Fantasia: Music Evolved","Xbox One",77,48,7.5,69,2014-10-21,"Music/Action/Miscellaneous/Rhythm/Music","Music",7.7,"ALTO","ALTO",0.2,0.2,1
"Forza Horizon 4: LEGO Speed Champions","Xbox One",77,7,5.5,54,2019-06-13,"Racing/Simulation/Automobile","Racing",7.7,"ALTO","MEDIO",2.2,2.2,1
"Peggle 2","Xbox One",77,39,7.1,222,2013-12-09,"Miscellaneous/Puzzle/Action/General/General","Miscellaneous",7.7,"ALTO","MEDIO",0.600000000000001,0.600000000000001,1
"The Shapeshifting Detective","Xbox One",77,10,6,4,2018-11-06,"Adventure/General","Adventure",7.7,"ALTO","MEDIO",1.7,1.7,1
"D4: Dark Dreams Don't Die","Xbox One",76,43,7.2,308,2014-09-19,"Action/Adventure/General/3D/Point-and-Click/Modern/Third-Person/Modern","Action",7.6,"ALTO","MEDIO",0.399999999999999,0.399999999999999,1
"Crawl","Xbox One",76,8,6.5,6,2017-04-11,"Role-Playing/General/Action RPG","Role-Playing",7.6,"ALTO","MEDIO",1.1,1.1,1
"Unit 4","Xbox One",76,10,7,10,2017-05-24,"Action/Platformer/2D","Action",7.6,"ALTO","MEDIO",0.6,0.6,1
"Not A Hero: Super Snazzy Edition","Xbox One",75,13,6.9,7,2016-05-24,"Action/Shooter/Shoot-'Em-Up/Horizontal","Action",7.5,"ALTO","MEDIO",0.6,0.6,1
"Void Bastards","Xbox One",75,19,7.6,39,2019-05-29,"Action/Shooter/First-Person/Arcade","Action",7.5,"ALTO","ALTO",-0.0999999999999996,0.0999999999999996,1
"Call of Duty: Advanced Warfare - Reckoning","Xbox One",75,7,5.7,13,2015-08-04,"Action/Shooter/First-Person/Arcade","Action",7.5,"ALTO","MEDIO",1.8,1.8,1
"Call of Duty: Advanced Warfare - Ascendance","Xbox One",75,7,6.7,18,2015-03-31,"Action/Shooter/First-Person/Arcade","Action",7.5,"ALTO","MEDIO",0.8,0.8,1
"Super Ultra Dead Rising 3' Arcade Remix Hyper Edition EX Plus Alpha","Xbox One",75,13,6.2,32,2014-06-09,"Action/Action Adventure/General/Open-World","Action",7.5,"ALTO","MEDIO",1.3,1.3,1
"Raiden V","Xbox One",75,13,7.8,10,2016-05-11,"Action/Shooter/Shoot-'Em-Up/Vertical","Action",7.5,"ALTO","ALTO",-0.3,0.3,1
"Full Metal Furies","Xbox One",75,7,6,8,2018-01-17,"Action/2D/Beat-'Em-Up","Action",7.5,"ALTO","MEDIO",1.5,1.5,1
"Tropico 5 Penultimate Edition","Xbox One",75,10,6.3,21,2016-05-24,"Strategy/Management/Government","Strategy",7.5,"ALTO","MEDIO",1.2,1.2,1
"Dance Central Spotlight","Xbox One",74,19,6.8,49,2014-09-02,"Action/Miscellaneous/Rhythm/Dancing","Action",7.4,"MEDIO","MEDIO",0.600000000000001,0.600000000000001,1
"Gigantic","Xbox One",74,12,7.5,30,2017-07-20,"Strategy/Real-Time/MOBA","Strategy",7.4,"MEDIO","ALTO",-0.0999999999999996,0.0999999999999996,1
"Shadow Complex Remastered","Xbox One",74,14,5.8,13,2016-03-16,"Action/Shooter/Third-Person/Arcade","Action",7.4,"MEDIO","MEDIO",1.6,1.6,1
"Roundabout","Xbox One",74,10,5.6,8,2015-02-20,"Driving/Racing/Arcade/Mission-based/Automobile","Driving",7.4,"MEDIO","MEDIO",1.8,1.8,1
"Anarcute","Xbox One",74,10,7.3,4,2016-07-12,"Action/General","Action",7.4,"MEDIO","MEDIO",0.100000000000001,0.100000000000001,1
"Blues and Bullets - Episode 2: Shaking The Hive","Xbox One",74,7,4.5,12,2016-04-08,"Action Adventure/General","Action Adventure",7.4,"MEDIO","BAIXO",2.9,2.9,1
"The Flame in the Flood","Xbox One",74,22,5.3,19,2016-02-24,"Action Adventure/General/Survival","Action Adventure",7.4,"MEDIO","MEDIO",2.1,2.1,1
"Bomber Crew","Xbox One",74,7,5.8,5,2018-07-10,"Simulation/Flight/Combat","Simulation",7.4,"MEDIO","MEDIO",1.6,1.6,1
"Mega Coin Squad","Xbox One",74,9,6.4,7,2015-05-20,"Action/Platformer/2D","Action",7.4,"MEDIO","MEDIO",1,1,1
"Project Spark","Xbox One",73,26,6.9,158,2014-03-04,"General/Action/Action Adventure/General/Sandbox","General",7.3,"MEDIO","MEDIO",0.399999999999999,0.399999999999999,1
"Titanfall: Expedition","Xbox One",73,10,4.7,119,2014-05-15,"Action/Shooter/First-Person/Sci-Fi/Arcade","Action",7.3,"MEDIO","BAIXO",2.6,2.6,1
"Vasara Collection","Xbox One",73,7,7.2,10,2019-08-14,"Miscellaneous/Compilation","Miscellaneous",7.3,"MEDIO","MEDIO",0.0999999999999996,0.0999999999999996,1
"Stela","Xbox One",73,18,6.6,11,2019-10-17,"Action/Platformer/2D","Action",7.3,"MEDIO","MEDIO",0.7,0.7,1
"Killer Instinct","Xbox One",73,51,6.4,645,2013-11-22,"Action/Fighting/Fighting/3D/2D/3D","Action",7.3,"MEDIO","MEDIO",0.899999999999999,0.899999999999999,1
"Rise of the Tomb Raider: Baba Yaga - The Temple of the Witch","Xbox One",73,15,7.6,48,2016-01-26,"Action Adventure/General/Linear","Action Adventure",7.3,"MEDIO","ALTO",-0.3,0.3,1
"Dead Rising 4","Xbox One",72,86,4.8,371,2016-12-06,"Action Adventure/Open-World","Action Adventure",7.2,"MEDIO","BAIXO",2.4,2.4,1
"Call of Duty: Advanced Warfare - Havoc","Xbox One",72,17,6.4,20,2015-01-27,"Action/Shooter/First-Person/Modern/Arcade","Action",7.2,"MEDIO","MEDIO",0.8,0.8,1
"Leo's Fortune","Xbox One",72,12,6.4,8,2015-09-11,"Action/Platformer/2D","Action",7.2,"MEDIO","MEDIO",0.8,0.8,1
"MXGP Pro","Xbox One",72,8,6.9,8,2018-07-10,"Racing/Arcade/Automobile","Racing",7.2,"MEDIO","MEDIO",0.3,0.3,1
"Massive Chalice","Xbox One",72,15,6.8,49,2015-06-01,"Strategy/Turn-Based/General/Fantasy/Tactics","Strategy",7.2,"MEDIO","MEDIO",0.4,0.4,1
"State of Decay: Year One Survival Edition","Xbox One",72,47,6.9,183,2015-04-28,"Horror/Action Adventure/Survival","Horror",7.2,"MEDIO","MEDIO",0.3,0.3,1
"Toy Odyssey: The Lost and Found","Xbox One",71,9,7,4,2016-09-21,"Action/Platformer/2D","Action",7.1,"MEDIO","MEDIO",0.0999999999999996,0.0999999999999996,1
"Tumblestone","Xbox One",71,7,5.8,5,2016-07-16,"Puzzle/Stacking","Puzzle",7.1,"MEDIO","MEDIO",1.3,1.3,1
"Factotum 90","Xbox One",71,9,5.9,8,2016-02-10,"Puzzle/Action","Puzzle",7.1,"MEDIO","MEDIO",1.2,1.2,1
"Call of Duty: Advanced Warfare - Supremacy","Xbox One",71,11,6.4,13,2015-06-02,"Action/Shooter/First-Person/Arcade","Action",7.1,"MEDIO","MEDIO",0.699999999999999,0.699999999999999,1
"Fragments of Him","Xbox One",71,8,7.3,4,2016-06-01,"Adventure/Visual Novel","Adventure",7.1,"MEDIO","MEDIO",-0.2,0.2,1
"Tokyo 42","Xbox One",71,15,4.3,8,2017-05-31,"Action/Shooter/Shoot-'Em-Up/Top-Down","Action",7.1,"MEDIO","BAIXO",2.8,2.8,1
"Starpoint Gemini 2","Xbox One",71,12,7.1,20,2015-12-11,"Strategy/Real-Time/General","Strategy",7.1,"MEDIO","MEDIO",0,0,1
"Knight Squad","Xbox One",71,9,6.8,24,2015-11-16,"Action/General","Action",7.1,"MEDIO","MEDIO",0.3,0.3,1
"Spy Chameleon","Xbox One",71,10,6.4,12,2015-05-22,"Puzzle/Action/General","Puzzle",7.1,"MEDIO","MEDIO",0.699999999999999,0.699999999999999,1
"ScreamRide","Xbox One",71,63,4.8,226,2015-03-03,"Simulation/General","Simulation",7.1,"MEDIO","BAIXO",2.3,2.3,1
"oOo: Ascension","Xbox One",70,8,7.3,9,2018-05-25,"Action/General","Action",7,"MEDIO","MEDIO",-0.3,0.3,1
"Fable Fortune","Xbox One",70,7,6.8,8,2018-02-22,"Strategy/Turn-Based/Card Battle/Tactics","Strategy",7,"MEDIO","MEDIO",0.2,0.2,1
"Blues and Bullets - Episode 1: The End of Peace","Xbox One",70,13,5.4,34,2015-08-28,"Action Adventure/General/Historic","Action Adventure",7,"MEDIO","MEDIO",1.6,1.6,1
"Teslapunk","Xbox One",70,7,6.6,7,2015-10-07,"Action/Shooter/Shoot-'Em-Up/Vertical","Action",7,"MEDIO","MEDIO",0.4,0.4,1
"Stranger of Sword City","Xbox One",70,12,7.3,21,2016-03-22,"Role-Playing/General","Role-Playing",7,"MEDIO","MEDIO",-0.3,0.3,1
"Graveyard Keeper","Xbox One",70,8,4.9,17,2018-08-15,"Simulation/Action Adventure/Virtual/Open-World/Career","Simulation",7,"MEDIO","BAIXO",2.1,2.1,1
"The Final Station","Xbox One",70,11,7,16,2016-09-02,"Action Adventure/General/Linear","Action Adventure",7,"MEDIO","MEDIO",0,0,1
"Below","Xbox One",70,30,5.4,63,2018-12-14,"General/Action/General","General",7,"MEDIO","MEDIO",1.6,1.6,1
"Call of Duty: Ghosts - Devastation","Xbox One",70,8,5.8,26,2014-04-03,"Action/Shooter/First-Person/Modern/Arcade","Action",7,"MEDIO","MEDIO",1.2,1.2,1
"Fortified","Xbox One",69,25,6.7,7,2016-02-03,"Action/Shooter/Third-Person/Arcade","Action",6.9,"MEDIO","MEDIO",0.2,0.2,1
"Tracks: The Train Set Game","Xbox One",69,8,5,9,2019-11-14,"Strategy/Management/Business / Tycoon","Strategy",6.9,"MEDIO","MEDIO",1.9,1.9,1
"Fruit Ninja Kinect 2","Xbox One",69,11,7.1,11,2015-03-18,"General/Action/Arcade","General",6.9,"MEDIO","MEDIO",-0.199999999999999,0.199999999999999,1
"Guns Gore & Cannoli","Xbox One",69,10,7.3,20,2015-09-25,"Action/Shooter/Third-Person/Modern/Arcade","Action",6.9,"MEDIO","MEDIO",-0.399999999999999,0.399999999999999,1
"BADLAND: Game of the Year Edition","Xbox One",69,8,5.7,13,2015-05-29,"Action/Action Adventure/Arcade/Linear","Action",6.9,"MEDIO","MEDIO",1.2,1.2,1
"Earth Atlantis","Xbox One",69,9,7.4,8,2018-06-01,"Action/Shooter/Shoot-'Em-Up/Horizontal","Action",6.9,"MEDIO","MEDIO",-0.5,0.5,1
"ClusterTruck","Xbox One",69,7,5.5,19,2016-10-28,"Action/Platformer/3D","Action",6.9,"MEDIO","MEDIO",1.4,1.4,1
"Sea of Thieves","Xbox One",69,71,5.1,1997,2018-03-20,"Role-Playing/Action Adventure/Massively Multiplayer/Open-World","Role-Playing",6.9,"MEDIO","MEDIO",1.8,1.8,1
"Aftercharge","Xbox One",69,9,5.5,8,2019-01-10,"Action/Shooter/First-Person/Tactical","Action",6.9,"MEDIO","MEDIO",1.4,1.4,1
"Felix the Reaper","Xbox One",69,10,7.1,17,2019-10-17,"Adventure/General","Adventure",6.9,"MEDIO","MEDIO",-0.199999999999999,0.199999999999999,1
"Rush: A Disney / Pixar Adventure","Xbox One",68,12,5.3,12,2017-10-31,"Miscellaneous/Adventure/General/Party / Minigame","Miscellaneous",6.8,"MEDIO","MEDIO",1.5,1.5,1
"Zoo Tycoon","Xbox One",68,45,3.2,323,2013-11-22,"Tycoon/Strategy/Management/Tycoon/Business / Tycoon","Tycoon",6.8,"MEDIO","BAIXO",3.6,3.6,1
"In Between","Xbox One",68,11,7,8,2016-06-08,"Action/Platformer/2D","Action",6.8,"MEDIO","MEDIO",-0.2,0.2,1
"Way of the Passive Fist","Xbox One",68,7,7.7,6,2018-03-07,"Action/Beat-'Em-Up/2D","Action",6.8,"MEDIO","ALTO",-0.9,0.9,1
"LEVEL 22: Gary's Misadventures","Xbox One",68,8,7.1,9,2016-01-29,"Action/General","Action",6.8,"MEDIO","MEDIO",-0.3,0.3,1
"Marvel Heroes Omega","Xbox One",68,8,7.4,14,2017-06-30,"Role-Playing/Massively Multiplayer","Role-Playing",6.8,"MEDIO","MEDIO",-0.600000000000001,0.600000000000001,1
"TurnOn","Xbox One",67,16,7,10,2016-06-01,"Action/Platformer/2D","Action",6.7,"MEDIO","MEDIO",-0.3,0.3,1
"Disneyland Adventures","Xbox One",67,9,5.5,22,2017-10-31,"Action Adventure/General","Action Adventure",6.7,"MEDIO","MEDIO",1.2,1.2,1
"Claire: Extended Cut","Xbox One",67,7,6,6,2016-09-06,"Adventure/General","Adventure",6.7,"MEDIO","MEDIO",0.7,0.7,1
"Hard Reset Redux","Xbox One",67,15,6.4,16,2016-06-03,"Action/Shooter/First-Person/Arcade","Action",6.7,"MEDIO","MEDIO",0.3,0.3,1
"Her Majesty's SPIFFING","Xbox One",66,8,6.8,5,2016-12-07,"Adventure/General","Adventure",6.6,"MEDIO","MEDIO",-0.2,0.2,1
"Enigmatis: The Ghosts of Maple Creek","Xbox One",66,8,7.4,7,2016-04-08,"Puzzle/Hidden Object/General","Puzzle",6.6,"MEDIO","MEDIO",-0.800000000000001,0.800000000000001,1
"Cobalt","Xbox One",66,13,7.3,19,2016-02-02,"Action/Platformer/Platformer/2D/2D","Action",6.6,"MEDIO","MEDIO",-0.7,0.7,1
"The Incredible Adventures of Van Helsing II","Xbox One",66,9,6.8,4,2016-07-01,"Role-Playing/Action RPG","Role-Playing",6.6,"MEDIO","MEDIO",-0.2,0.2,1
"Damsel","Xbox One",66,9,4.4,5,2019-08-07,"Action/Platformer/2D","Action",6.6,"MEDIO","BAIXO",2.2,2.2,1
"Silence: The Whispered World 2","Xbox One",66,8,7.4,32,2016-11-15,"Adventure/General","Adventure",6.6,"MEDIO","MEDIO",-0.800000000000001,0.800000000000001,1
"Manual Samuel","Xbox One",66,9,6.3,12,2016-10-14,"Role-Playing/General","Role-Playing",6.6,"MEDIO","MEDIO",0.3,0.3,1
"Through the Woods","Xbox One",66,7,7,4,2018-05-02,"Action Adventure/Survival","Action Adventure",6.6,"MEDIO","MEDIO",-0.4,0.4,1
"State of Decay 2","Xbox One",66,70,5.4,888,2018-05-18,"Action Adventure/Open-World","Action Adventure",6.6,"MEDIO","MEDIO",1.2,1.2,1
"Rise & Shine","Xbox One",66,28,6.2,21,2017-01-13,"Action/Platformer/2D","Action",6.6,"MEDIO","MEDIO",0.399999999999999,0.399999999999999,1
"Adventure Time: Finn and Jake Investigations","Xbox One",66,9,5.5,11,2015-10-20,"Adventure/3D/Third-Person","Adventure",6.6,"MEDIO","MEDIO",1.1,1.1,1
"Call of Duty: Ghosts - Onslaught","Xbox One",65,12,4.1,43,2014-01-28,"Action/Shooter/First-Person/Modern/Arcade","Action",6.5,"MEDIO","BAIXO",2.4,2.4,1
"Brawlout","Xbox One",65,8,7.2,5,2018-08-21,"Beat-'Em-Up/Action/Fighting/2D","Beat-'Em-Up",6.5,"MEDIO","MEDIO",-0.7,0.7,1
"Sunset Overdrive and the Mystery of the Mooil Rig!","Xbox One",65,9,7.2,33,2014-12-23,"Action/General/Shooter/Third-Person/Arcade","Action",6.5,"MEDIO","MEDIO",-0.7,0.7,1
"Nevermind","Xbox One",65,7,6.3,7,2017-01-11,"Action Adventure/Adventure/3D/Linear/First-Person","Action Adventure",6.5,"MEDIO","MEDIO",0.2,0.2,1
"Lovely Planet","Xbox One",65,12,5.8,5,2016-01-08,"Action/Shooter/First-Person/Arcade","Action",6.5,"MEDIO","MEDIO",0.7,0.7,1
"Powerstar Golf","Xbox One",65,27,5.6,133,2013-11-22,"Arcade/Sports/Traditional/Individual/Golf/Arcade","Arcade",6.5,"MEDIO","MEDIO",0.9,0.9,1
"Battleship","Xbox One",65,11,6.6,9,2016-08-02,"Miscellaneous/Board / Card Game","Miscellaneous",6.5,"MEDIO","MEDIO",-0.0999999999999996,0.0999999999999996,1
"The Escapists: The Walking Dead","Xbox One",65,19,7.3,6,2015-09-30,"Action/General","Action",6.5,"MEDIO","MEDIO",-0.8,0.8,1
"Override: Mech City Brawl","Xbox One",64,9,6.3,6,2018-12-04,"Action/General","Action",6.4,"MEDIO","MEDIO",0.100000000000001,0.100000000000001,1
"The Walking Dead: The Telltale Series - A New Frontier Episode 5: From The Gallows","Xbox One",64,7,6.1,18,2017-05-30,"Adventure/Point-and-Click","Adventure",6.4,"MEDIO","MEDIO",0.300000000000001,0.300000000000001,1
"Three Fourths Home: Extended Edition","Xbox One",64,7,3.5,11,2015-11-27,"Adventure/General/Text","Adventure",6.4,"MEDIO","BAIXO",2.9,2.9,1
"Super Lucky's Tale","Xbox One",64,51,7,179,2017-11-07,"2D/Action/Platformer/3D","2D",6.4,"MEDIO","MEDIO",-0.6,0.6,1
"Citadel: Forged with Fire","Xbox One",63,8,6.4,7,2019-11-01,"Role-Playing/Action RPG","Role-Playing",6.3,"MEDIO","MEDIO",-0.100000000000001,0.100000000000001,1
"ReCore","Xbox One",63,75,6.7,605,2016-09-13,"Action Adventure/General","Action Adventure",6.3,"MEDIO","MEDIO",-0.4,0.4,1
"Gemini: Heroes Reborn","Xbox One",63,12,6.2,6,2016-01-19,"Action Adventure/Linear","Action Adventure",6.3,"MEDIO","MEDIO",0.0999999999999996,0.0999999999999996,1
"A Knight's Quest","Xbox One",62,8,4.8,9,2019-10-11,"Action Adventure/General","Action Adventure",6.2,"MEDIO","BAIXO",1.4,1.4,1
"Gas Guzzlers Extreme","Xbox One",62,10,6.9,7,2016-11-04,"Simulation/Vehicle/Combat","Simulation",6.2,"MEDIO","MEDIO",-0.7,0.7,1
"Toby: The Secret Mine","Xbox One",62,15,5,9,2017-01-20,"Action/Platformer/2D","Action",6.2,"MEDIO","MEDIO",1.2,1.2,1
"Sparkle Unleashed","Xbox One",62,8,7,4,2015-06-03,"Puzzle/Matching","Puzzle",6.2,"MEDIO","MEDIO",-0.8,0.8,1
"Tiny Troopers: Joint Ops","Xbox One",62,12,5.1,7,2016-02-26,"Action/General/Shooter/Shoot-'Em-Up/Top-Down","Action",6.2,"MEDIO","MEDIO",1.1,1.1,1
"Hero Defense","Xbox One",62,8,7.2,5,2018-08-15,"Strategy/Real-Time/Defense","Strategy",6.2,"MEDIO","MEDIO",-1,1,1
"Forza Horizon 2 Presents Fast & Furious","Xbox One",61,12,7.8,123,2015-03-27,"Racing/Simulation/Automobile","Racing",6.1,"MEDIO","ALTO",-1.7,1.7,1
"Vigor","Xbox One",61,8,8,47,2018-07-31,"Action Adventure/Survival","Action Adventure",6.1,"MEDIO","ALTO",-1.9,1.9,1
"Sixty Second Shooter Prime","Xbox One",61,8,7.1,16,2014-06-18,"Action/Shooter/Static/Shoot-'Em-Up/Top-Down","Action",6.1,"MEDIO","MEDIO",-1,1,1
"Kinect Sports Rivals","Xbox One",60,53,5,146,2014-04-08,"General/Sports/General","General",6,"MEDIO","MEDIO",1,1,1
"The Peanuts Movie: Snoopy's Grand Adventure","Xbox One",60,9,5.6,5,2015-11-03,"Action/Platformer/2D","Action",6,"MEDIO","MEDIO",0.4,0.4,1
"Ryse: Son of Rome","Xbox One",60,77,6.3,1626,2013-11-22,"Action Adventure/Fantasy/General/Fantasy","Action Adventure",6,"MEDIO","MEDIO",-0.3,0.3,1
"Crackdown 3","Xbox One",60,82,4.2,1011,2019-02-15,"Action/Sci-Fi/Third-Person/Shooter/Action Adventure/Open-World","Action",6,"MEDIO","BAIXO",1.8,1.8,1
"Tetris Ultimate","Xbox One",59,8,4.2,13,2014-12-16,"Miscellaneous/Puzzle/Stacking","Miscellaneous",5.9,"MEDIO","BAIXO",1.7,1.7,1
"GunWorld 2","Xbox One",59,7,5.6,5,2016-05-13,"Action/General","Action",5.9,"MEDIO","MEDIO",0.300000000000001,0.300000000000001,1
"The Incredible Adventures of Van Helsing","Xbox One",59,8,7.3,54,2015-12-01,"Role-Playing/Action RPG","Role-Playing",5.9,"MEDIO","MEDIO",-1.4,1.4,1
"OK K.O.! Let's Play Heroes","Xbox One",57,7,6.3,4,2018-01-23,"Action/Beat-'Em-Up/2D","Action",5.7,"MEDIO","MEDIO",-0.6,0.6,1
"ZHEROS","Xbox One",57,13,4.4,38,2016-01-15,"Action/Beat-'Em-Up/3D","Action",5.7,"MEDIO","BAIXO",1.3,1.3,1
"RWBY: Grimm Eclipse","Xbox One",57,7,7.3,7,2017-01-17,"Action/Beat-'Em-Up/3D","Action",5.7,"MEDIO","MEDIO",-1.6,1.6,1
"Q*bert: Rebooted: The XBOX One @!#?@! Edition","Xbox One",56,7,6.1,7,2016-02-12,"Action/Arcade","Action",5.6,"MEDIO","MEDIO",-0.5,0.5,1
"Dead Rising 3: Fallen Angel","Xbox One",56,7,4.7,34,2014-02-11,"Action/Action Adventure/General/Open-World","Action",5.6,"MEDIO","BAIXO",0.899999999999999,0.899999999999999,1
"Dead Effect 2","Xbox One",56,7,6.4,7,2017-01-13,"Action/General/Shooter/First-Person/Arcade","Action",5.6,"MEDIO","MEDIO",-0.800000000000001,0.800000000000001,1
"Crimson Dragon","Xbox One",55,39,6.5,258,2013-11-22,"Shooter/Rail/Action/Shooter/Rail","Shooter",5.5,"MEDIO","MEDIO",-1,1,1
"Robocraft Infinity","Xbox One",55,9,6.4,7,2018-04-11,"Action/Shooter/First-Person/Arcade","Action",5.5,"MEDIO","MEDIO",-0.9,0.9,1
"Active Soccer 2 DX","Xbox One",53,8,6.9,14,2016-03-30,"Action/Sports/General/Team/Soccer/Arcade","Action",5.3,"MEDIO","MEDIO",-1.6,1.6,1
"Rabbids Invasion","Xbox One",53,9,6,12,2014-11-18,"Action/Miscellaneous/General/General/Party / Minigame","Action",5.3,"MEDIO","MEDIO",-0.7,0.7,1
"Halo: Spartan Assault","Xbox One",53,28,4.6,276,2013-12-23,"Action/General/Shooter/Scrolling/Shoot-'Em-Up/Top-Down/Vertical","Action",5.3,"MEDIO","BAIXO",0.7,0.7,1
"Dead Rising 3: Operation Broken Eagle","Xbox One",52,16,4.2,80,2014-01-21,"Action/Action Adventure/General/Open-World","Action",5.2,"MEDIO","BAIXO",1,1,1
"Spectra: 8bit Racing","Xbox One",52,9,6.5,11,2015-07-10,"Driving/Racing/Arcade/Automobile","Driving",5.2,"MEDIO","MEDIO",-1.3,1.3,1
"No Time to Explain","Xbox One",52,9,5.3,9,2015-07-17,"Action/Platformer/2D","Action",5.2,"MEDIO","MEDIO",-0.0999999999999996,0.0999999999999996,1
"Chivalry: Medieval Warfare","Xbox One",51,7,4.1,20,2015-12-02,"Action/General/Beat-'Em-Up/3D","Action",5.1,"MEDIO","BAIXO",1,1,1
"Dead Rising 3: The Last Agent","Xbox One",51,7,4.3,26,2014-03-18,"Action/Action Adventure/General/Open-World","Action",5.1,"MEDIO","BAIXO",0.8,0.8,1
"Dead Rising 3: Chaos Rising","Xbox One",50,7,3.4,27,2014-02-21,"Action/Action Adventure/General/Open-World","Action",5,"MEDIO","BAIXO",1.6,1.6,1
"LA Cops","Xbox One",49,19,6.4,19,2015-03-13,"Action/General/Shooter/Shoot-'Em-Up/Top-Down","Action",4.9,"BAIXO","MEDIO",-1.5,1.5,1
"MagNets: Fully Charged","Xbox One",49,9,4.1,7,2016-03-11,"Action/General","Action",4.9,"BAIXO","BAIXO",0.800000000000001,0.800000000000001,1
"Paranautical Activity","Xbox One",48,10,3.8,8,2016-04-29,"Action/General/Shooter/First-Person/Arcade","Action",4.8,"BAIXO","BAIXO",1,1,1
"LocoCycle","Xbox One",48,46,4.1,99,2013-11-22,"Driving/Racing/General/General/Arcade/Automobile","Driving",4.8,"BAIXO","BAIXO",0.7,0.7,1
"Monster Jam Steel Titans","Xbox One",47,10,4,7,2019-06-25,"Racing/Arcade/Automobile","Racing",4.7,"BAIXO","BAIXO",0.7,0.7,1
"Yet Another Zombie Defense HD","Xbox One",45,9,4.5,6,2018-06-22,"Strategy/Real-Time/Defense","Strategy",4.5,"BAIXO","BAIXO",0,0,1
"Dead Alliance","Xbox One",43,7,3.4,5,2017-08-29,"Action/General/Shooter/First-Person/Tactical","Action",4.3,"BAIXO","BAIXO",0.9,0.9,1
"Funk of Titans","Xbox One",43,22,4.3,39,2015-01-09,"Action/Platformer/2D","Action",4.3,"BAIXO","BAIXO",0,0,1
"Hello Neighbor","Xbox One",42,13,4.6,75,2017-12-08,"Action/Adventure/General/3D/First-Person","Action",4.2,"BAIXO","BAIXO",-0.399999999999999,0.399999999999999,1
"Gene Rain","Xbox One",32,9,3.6,9,2018-07-31,"Action/Shooter/Third-Person/Arcade","Action",3.2,"BAIXO","BAIXO",-0.4,0.4,1
"Giana Sisters: Dream Runners","Xbox One",32,7,4.9,17,2015-08-19,"Action/Platformer/2D","Action",3.2,"BAIXO","BAIXO",-1.7,1.7,1
"Soda Drinker Pro","Xbox One",30,9,5.9,27,2016-04-14,"Miscellaneous/General","Miscellaneous",3,"BAIXO","MEDIO",-2.9,2.9,1
"Fighter Within","Xbox One",23,39,2.8,209,2013-11-19,"Sports/General/General","Sports",2.3,"BAIXO","BAIXO",-0.5,0.5,1
